gender,avg_tripduration
male,478.6205057415161
female,509.8082474784837
